{
    "nombreApp" : "Componentes",
    "rutas" : [
        {
        "ruta" : "alert",
        "icon" : "add_alert",
        "texto": "Alertas"
        },
        {
        "ruta" : "avatar",
        "icon" : "accessibility",
        "texto": "Avatars"
        },
        {
        "ruta" : "card",
        "icon" : "folder_open",
        "texto": "Cards - Tarjetas"
        },
        {
        "ruta" : "animatedContainer",
        "icon" : "donut_large",
        "texto": "Animated Container"
        },
        {
        "ruta" : "inputs",
        "icon" : "input",
        "texto": "Inputs"
        },
        {
        "ruta" : "slider",
        "icon" : "tune",
        "texto": "Slider - Checks"
        },
        {
        "ruta" : "list",
        "icon" : "list",
        "texto": "Listas y scroll" 
        }
        ]
   }